SEASON,CHAMPION,,image,,,,,,,,,,,,
2007/08,Rajasthan Royals,,https://yt3.googleusercontent.com/DUKXFHQmGRQ6kE4fQCPkh_aVxV9NizFVi98luvnTVsIOtjCLj5UKiVdYF3ZUcOBfV0JKmH7nUfM=s900-c-k-c0x00ffffff-no-rj,,,,,,,,,,,,
2009,Deccan Chargers,,https://upload.wikimedia.org/wikipedia/en/a/a6/HyderabadDeccanChargers.png,,,,,,,,,,,,
2009/10,Chennai Super Kings,,https://upload.wikimedia.org/wikipedia/en/thumb/2/2b/Chennai_Super_Kings_Logo.svg/1280px-Chennai_Super_Kings_Logo.svg.png,,,,,,,,,,,,
2011,Chennai Super Kings,,https://upload.wikimedia.org/wikipedia/en/thumb/2/2b/Chennai_Super_Kings_Logo.svg/1280px-Chennai_Super_Kings_Logo.svg.png,,,,,,,,,,,,
2012,Kolkata Knight Riders,,https://upload.wikimedia.org/wikipedia/en/thumb/4/4c/Kolkata_Knight_Riders_Logo.svg/960px-Kolkata_Knight_Riders_Logo.svg.png,,,,,,,,,,,,
2013,Mumbai Indians,,https://upload.wikimedia.org/wikipedia/en/thumb/c/cd/Mumbai_Indians_Logo.svg/250px-Mumbai_Indians_Logo.svg.png?utm_source=en.wikipedia.org&utm_campaign=parser&utm_content=thumbnail,,,,,,,,,,,,
2014,Kolkata Knight Riders,,https://upload.wikimedia.org/wikipedia/en/thumb/4/4c/Kolkata_Knight_Riders_Logo.svg/960px-Kolkata_Knight_Riders_Logo.svg.png,,,,,,,,,,,,
2015,Mumbai Indians,,https://upload.wikimedia.org/wikipedia/en/thumb/c/cd/Mumbai_Indians_Logo.svg/250px-Mumbai_Indians_Logo.svg.png?utm_source=en.wikipedia.org&utm_campaign=parser&utm_content=thumbnail,,,,,,,,,,,,
2016,Sunrisers Hyderabad,,https://upload.wikimedia.org/wikipedia/en/5/51/Sunrisers_Hyderabad_Logo.svg,,,,,,,,,,,,
2017,Mumbai Indians,,https://upload.wikimedia.org/wikipedia/en/thumb/c/cd/Mumbai_Indians_Logo.svg/250px-Mumbai_Indians_Logo.svg.png?utm_source=en.wikipedia.org&utm_campaign=parser&utm_content=thumbnail,,,,,,,,,,,,
2018,Chennai Super Kings,,https://knowlepedia.org/images/e/e2/Chennai_Super_Kings_Logo.jpg,,,,,,,,,,,,
2019,Mumbai Indians,,https://encrypted-tbn0.gstatic.com/images?q=tbn:ANd9GcTpVHgv85x95gRcuJlGxh4FCHXb299dcfck9A&s,,,,,,,,,,,,
2020/21,Mumbai Indians,,https://encrypted-tbn0.gstatic.com/images?q=tbn:ANd9GcTpVHgv85x95gRcuJlGxh4FCHXb299dcfck9A&s,,,,,,,,,,,,
2021,Chennai Super Kings,,https://knowlepedia.org/images/e/e2/Chennai_Super_Kings_Logo.jpg,,,,,,,,,,,,
2022,Gujarat Titans,,https://upload.wikimedia.org/wikipedia/en/thumb/0/09/Gujarat_Titans_Logo.svg/1280px-Gujarat_Titans_Logo.svg.png,,,,,,,,,,,,
2023,Chennai Super Kings,,https://knowlepedia.org/images/e/e2/Chennai_Super_Kings_Logo.jpg,,,,,,,,,,,,
2024,Kolkata Knight Riders,,https://upload.wikimedia.org/wikipedia/en/thumb/4/4c/Kolkata_Knight_Riders_Logo.svg/960px-Kolkata_Knight_Riders_Logo.svg.png,,,,,,,,,,,,
2025,Royal Challengers Bengaluru,,https://upload.wikimedia.org/wikipedia/en/thumb/d/d4/Royal_Challengers_Bengaluru_Logo.svg/250px-Royal_Challengers_Bengaluru_Logo.svg.png?utm_source=en.wikipedia.org&utm_campaign=parser&utm_content=thumbnail,,,,,,,,,,,,
